City_ID,City,Lat,Lng,Max Temp,Humidity,Cloudiness,Wind Speed,Country,Date
0,Chokurdakh,70.6333,147.9167,10.44,100,78,0.72,RU,2021-09-29 14:10:29
1,Mahebourg,-20.4081,57.7,74.25,70,51,13.31,MU,2021-09-29 14:10:29
2,Waddan,29.1614,16.139,92.35,19,0,12.73,LY,2021-09-29 14:10:30
3,Puerto Ayora,-0.7393,-90.3518,70.3,88,100,8.7,EC,2021-09-29 14:10:30
4,Arraial Do Cabo,-22.9661,-42.0278,84.06,58,20,3.44,BR,2021-09-29 14:10:30
5,Butaritari,3.0707,172.7902,82.33,76,93,16.53,KI,2021-09-29 14:10:31
6,Ewo,-0.8725,14.8206,79.39,71,100,2.44,CG,2021-09-29 14:10:31
7,Torbay,47.6666,-52.7314,65.75,96,37,8.68,CA,2021-09-29 14:05:37
8,Fairbanks,64.8378,-147.7164,22.23,88,1,3.44,US,2021-09-29 14:10:31
9,Bluff,-46.6,168.3333,39.79,72,100,21.97,NZ,2021-09-29 14:10:32
10,Ternate,0.8,127.4,81.7,79,55,2.21,ID,2021-09-29 14:10:32
11,Buraydah,26.326,43.975,98.94,10,0,10.13,SA,2021-09-29 14:10:32
12,Sur,22.5667,59.5289,85.8,60,98,3.38,OM,2021-09-29 14:07:30
13,Pavia,45.1845,9.1615,81.7,60,7,1.86,IT,2021-09-29 14:10:32
14,Port Alfred,-33.5906,26.891,61.2,83,100,20.62,ZA,2021-09-29 14:10:33
15,Albany,42.6001,-73.9662,58.15,69,21,7.87,US,2021-09-29 14:08:21
16,Ribeira Grande,38.5167,-28.7,75.6,88,40,4.61,PT,2021-09-29 14:10:34
17,Kapaa,22.0752,-159.319,76.12,80,40,1.99,US,2021-09-29 14:10:34
18,Marsa Matruh,31.3525,27.2453,79.5,65,0,15.48,EG,2021-09-29 14:10:35
19,New Norfolk,-42.7826,147.0587,49.71,69,54,1.21,AU,2021-09-29 14:10:35
20,Vaini,-21.2,-175.2,73.56,94,75,8.05,TO,2021-09-29 14:10:36
21,Poum,-20.2333,164.0167,73.09,76,6,20.76,NC,2021-09-29 14:10:36
22,Iqaluit,63.7506,-68.5145,31.69,68,100,5.01,CA,2021-09-29 14:10:37
23,Barcelos,41.5388,-8.6151,74.91,45,23,9.26,PT,2021-09-29 14:08:17
24,Okitipupa,6.5047,4.7839,82.33,79,100,4.54,NG,2021-09-29 14:10:37
25,Gigmoto,13.7796,124.39,81.55,81,66,2.24,PH,2021-09-29 14:10:38
26,Ushuaia,-54.8,-68.3,47.86,49,90,20.71,AR,2021-09-29 14:10:38
27,Adrar,20.5022,-10.0711,104.18,6,0,12.06,MR,2021-09-29 14:10:39
28,Vao,-22.6667,167.4833,69.6,75,100,20.31,NC,2021-09-29 14:10:39
29,Mataura,-46.1927,168.8643,39.47,96,94,7.16,NZ,2021-09-29 14:10:39
30,Santa Ines,-3.6667,-45.38,94.15,41,27,5.91,BR,2021-09-29 14:10:40
31,Carnarvon,-24.8667,113.6333,69.87,83,9,6.91,AU,2021-09-29 14:10:40
32,Hobart,-42.8794,147.3294,50.05,81,90,5.75,AU,2021-09-29 14:10:41
33,Upernavik,72.7868,-56.1549,28.71,44,100,2.42,GL,2021-09-29 14:10:28
34,Severo-Kurilsk,50.6789,156.125,50.11,91,57,5.28,RU,2021-09-29 14:05:45
35,Jamestown,42.097,-79.2353,59.52,83,1,1.01,US,2021-09-29 14:08:44
36,Yellowknife,62.456,-114.3525,46.42,100,79,3.0,CA,2021-09-29 14:10:42
37,Thompson,55.7435,-97.8558,50.52,75,100,12.44,CA,2021-09-29 14:10:42
38,Walvis Bay,-22.9575,14.5053,60.1,62,12,17.49,NA,2021-09-29 14:10:42
39,Punta Arenas,-53.15,-70.9167,48.31,34,0,16.11,CL,2021-09-29 14:10:43
40,Pambujan,12.5642,124.9276,78.33,91,100,4.43,PH,2021-09-29 14:10:44
41,Georgetown,5.4112,100.3354,80.53,89,20,6.91,MY,2021-09-29 14:10:44
42,Geraldton,-28.7667,114.6,59.41,88,40,6.91,AU,2021-09-29 14:10:44
43,Hailey,43.5196,-114.3153,30.06,64,1,5.75,US,2021-09-29 14:06:32
44,Linguere,15.3953,-15.1193,97.86,38,0,11.97,SN,2021-09-29 14:10:45
45,Cabo San Lucas,22.8909,-109.9124,80.51,72,21,11.59,MX,2021-09-29 14:09:58
46,Camana,-16.6228,-72.7111,65.39,68,21,4.79,PE,2021-09-29 14:10:46
47,Roald,62.5833,6.1333,65.32,59,0,8.05,NO,2021-09-29 14:10:46
48,Tasiilaq,65.6145,-37.6368,41.16,65,48,1.28,GL,2021-09-29 14:10:46
49,Atuona,-9.8,-139.0333,77.07,76,73,20.76,PF,2021-09-29 14:10:46
50,Kalmunai,7.4167,81.8167,82.89,73,95,6.22,LK,2021-09-29 14:09:20
51,Ancud,-41.8697,-73.8203,45.93,74,100,7.81,CL,2021-09-29 14:10:47
52,Takoradi,4.8845,-1.7554,82.0,72,31,9.44,GH,2021-09-29 14:10:47
53,Kaitangata,-46.2817,169.8464,41.94,72,65,9.8,NZ,2021-09-29 14:10:48
54,Christchurch,-43.5333,172.6333,48.9,79,75,4.0,NZ,2021-09-29 14:10:48
55,Busselton,-33.65,115.3333,59.09,89,5,7.76,AU,2021-09-29 14:10:48
56,San Ramon,37.7799,-121.978,56.37,89,1,0.0,US,2021-09-29 14:10:49
57,San Quintin,30.4833,-115.95,64.54,78,36,10.56,MX,2021-09-29 14:07:36
58,Hithadhoo,-0.6,73.0833,82.89,71,56,7.43,MV,2021-09-29 14:10:49
59,Cape Town,-33.9258,18.4232,69.35,54,0,27.18,ZA,2021-09-29 14:09:06
60,Nouakchott,18.0858,-15.9785,82.42,76,0,13.76,MR,2021-09-29 14:10:50
61,Nome,64.5011,-165.4064,28.47,80,90,4.61,US,2021-09-29 14:09:39
62,Luanda,-8.8368,13.2343,82.4,61,20,12.66,AO,2021-09-29 14:10:50
63,Rikitea,-23.1203,-134.9692,72.03,74,91,16.58,PF,2021-09-29 14:08:29
64,Daru,-9.0763,143.2092,78.48,90,82,13.94,PG,2021-09-29 14:06:53
65,East London,-33.0153,27.9116,59.94,94,90,5.75,ZA,2021-09-29 14:10:50
66,Dikson,73.5069,80.5464,34.21,96,100,12.48,RU,2021-09-29 14:10:51
67,Avarua,-21.2078,-159.775,66.25,100,100,2.3,CK,2021-09-29 14:10:51
68,Ilulissat,69.2167,-51.1,30.22,47,20,5.75,GL,2021-09-29 14:10:52
69,Sharjah,25.3573,55.4033,95.34,61,1,8.05,AE,2021-09-29 14:08:17
70,Vila Franca Do Campo,37.7167,-25.4333,75.61,76,43,6.2,PT,2021-09-29 14:10:52
71,Anamur,36.0751,32.8369,80.62,58,4,8.25,TR,2021-09-29 14:10:52
72,Waipawa,-41.4122,175.5153,53.02,77,43,16.6,NZ,2021-09-29 14:05:57
73,Ust-Kuyga,70.0167,135.6,12.27,95,62,3.11,RU,2021-09-29 14:07:24
74,Pentecoste,-3.7928,-39.2703,95.4,32,9,11.68,BR,2021-09-29 14:10:53
75,Goderich,43.7501,-81.7165,60.91,69,0,8.03,CA,2021-09-29 14:10:53
76,Tiksi,71.6872,128.8694,31.78,88,100,5.01,RU,2021-09-29 14:10:53
77,Mopti,14.6667,-4.0,98.6,24,5,3.67,ML,2021-09-29 14:10:54
78,Adre,13.4667,22.2,92.53,22,100,8.61,TD,2021-09-29 14:10:54
79,Sitka,57.0531,-135.33,51.69,54,90,18.41,US,2021-09-29 14:10:54
80,Narsaq,60.9167,-46.05,39.42,33,3,3.04,GL,2021-09-29 14:10:55
81,Talnakh,69.4865,88.3972,31.71,83,100,9.1,RU,2021-09-29 14:10:55
82,Saint-Philippe,-21.3585,55.7679,74.79,74,49,13.44,RE,2021-09-29 14:10:56
83,Longyearbyen,78.2186,15.6401,31.84,93,90,18.41,SJ,2021-09-29 14:10:56
84,Taltal,-25.4,-70.4833,63.86,62,30,3.36,CL,2021-09-29 14:10:20
85,Kapit,2.0167,112.9333,75.58,99,100,0.58,MY,2021-09-29 14:10:56
86,Paredon,16.0333,-93.8667,80.53,74,96,2.98,MX,2021-09-29 14:10:57
87,La Peca,-5.6111,-78.435,75.4,67,32,2.46,PE,2021-09-29 14:10:57
88,Tevaitoa,-16.7833,-151.5,77.95,78,15,16.08,PF,2021-09-29 14:10:57
89,Tautira,-17.7333,-149.15,75.22,72,35,17.09,PF,2021-09-29 14:10:57
90,Castro,-24.7911,-50.0119,77.02,55,72,4.12,BR,2021-09-29 14:10:58
91,Olonets,60.9847,32.9698,48.97,71,19,5.19,RU,2021-09-29 14:10:58
92,Tuktoyaktuk,69.4541,-133.0374,34.36,99,100,20.2,CA,2021-09-29 14:10:58
93,Pevek,69.7008,170.3133,29.17,85,100,22.17,RU,2021-09-29 14:10:59
94,Souillac,-20.5167,57.5167,74.35,72,30,12.03,MU,2021-09-29 14:10:59
95,Nikolskoye,59.7035,30.7861,52.88,60,91,2.19,RU,2021-09-29 14:10:59
96,Freeport,40.6576,-73.5832,63.97,57,1,1.99,US,2021-09-29 14:09:38
97,Sinnamary,5.3833,-52.95,85.12,67,27,7.56,GF,2021-09-29 14:11:00
98,Zelezny Brod,50.6427,15.2541,65.1,94,99,7.7,CZ,2021-09-29 14:11:01
99,Kahului,20.8947,-156.47,76.84,84,75,5.75,US,2021-09-29 14:11:01
100,Zyryanka,65.75,150.85,24.1,85,39,8.5,RU,2021-09-29 14:11:01
101,Bredasdorp,-34.5322,20.0403,59.29,67,100,19.84,ZA,2021-09-29 14:10:56
102,Tambilil,5.9622,124.6697,80.42,84,100,3.09,PH,2021-09-29 14:11:02
103,Sibu,2.3,111.8167,75.96,94,100,0.34,MY,2021-09-29 14:07:06
104,Kearney,40.6995,-99.0815,66.76,77,1,9.22,US,2021-09-29 14:11:02
105,Guerrero Negro,27.9769,-114.0611,69.46,75,100,11.83,MX,2021-09-29 14:11:02
106,Cidreira,-30.1811,-50.2056,66.0,89,93,11.43,BR,2021-09-29 14:11:03
107,Warrnambool,-38.3833,142.4833,55.81,86,100,19.44,AU,2021-09-29 14:11:03
108,Dunedin,-45.8742,170.5036,42.8,70,51,10.85,NZ,2021-09-29 14:11:03
109,Mtsensk,53.2766,36.5733,49.96,58,100,6.15,RU,2021-09-29 14:11:03
110,Shingu,33.7333,135.9833,73.31,89,97,7.27,JP,2021-09-29 14:11:04
111,Chuy,-33.6971,-53.4616,61.41,66,98,9.33,UY,2021-09-29 14:06:14
112,Siyabuswa,-25.1132,29.0445,82.09,32,35,8.3,ZA,2021-09-29 14:11:04
113,Asyut,27.181,31.1837,90.75,19,0,18.97,EG,2021-09-29 14:11:05
114,Ust-Kut,56.7938,105.7672,31.66,94,99,2.17,RU,2021-09-29 14:11:05
115,Hasaki,35.7333,140.8333,68.4,71,100,8.08,JP,2021-09-29 14:11:05
116,Liberal,37.0431,-100.921,65.5,88,1,9.22,US,2021-09-29 14:11:06
117,College,64.8569,-147.8028,22.21,89,20,0.0,US,2021-09-29 14:08:06
118,Lashio,22.9333,97.75,70.3,92,12,0.2,MM,2021-09-29 14:11:06
119,Suntar,62.1444,117.6319,29.34,89,31,4.5,RU,2021-09-29 14:11:07
120,Qaanaaq,77.484,-69.3632,18.68,82,11,4.7,GL,2021-09-29 14:11:07
121,Provideniya,64.3833,-173.3,29.62,76,100,6.8,RU,2021-09-29 14:11:07
122,Kallupatti,9.7167,77.8667,78.76,50,99,1.77,IN,2021-09-29 14:11:08
123,Aykhal,66.0,111.5,26.15,66,18,3.38,RU,2021-09-29 14:11:08
124,Mayo,38.8876,-76.5119,65.08,61,1,7.0,US,2021-09-29 14:11:08
125,Muyezerskiy,63.9333,31.65,51.44,72,72,4.21,RU,2021-09-29 14:11:08
126,Asau,46.4333,26.4,59.76,60,95,4.79,RO,2021-09-29 14:11:09
127,Padre Bernardo,-15.35,-48.5,95.97,21,5,4.05,BR,2021-09-29 14:07:09
128,Tyukalinsk,55.8732,72.1967,41.32,67,100,7.78,RU,2021-09-29 14:11:09
129,Kodiak,57.79,-152.4072,39.97,84,8,7.45,US,2021-09-29 14:11:10
130,Khatanga,71.9667,102.5,28.53,78,69,11.74,RU,2021-09-29 14:11:10
131,Ossora,59.2353,163.0719,24.06,69,3,11.18,RU,2021-09-29 14:11:10
132,Hofn,64.2539,-15.2082,43.93,68,67,17.34,IS,2021-09-29 14:11:11
133,Ostersund,63.1792,14.6357,50.61,81,90,14.97,SE,2021-09-29 14:07:11
134,Taga,46.95,24.05,64.49,53,32,13.91,RO,2021-09-29 14:11:11
135,Phonhong,18.5007,102.4166,78.78,89,3,1.21,LA,2021-09-29 14:11:11
136,Faya,18.3851,42.4509,70.32,51,72,10.78,SA,2021-09-29 14:11:12
137,Okha,53.5739,142.9478,56.66,89,59,14.0,RU,2021-09-29 14:11:12
138,Puerto Escondido,15.85,-97.0667,80.69,77,63,2.24,MX,2021-09-29 14:11:12
139,Bathsheba,13.2167,-59.5167,88.41,66,20,5.75,BB,2021-09-29 14:11:13
140,Tessalit,20.1986,1.0114,101.52,9,38,14.79,ML,2021-09-29 14:11:13
141,Dresden,51.0509,13.7383,69.64,64,40,8.01,DE,2021-09-29 14:11:13
142,Orchard Homes,46.8633,-114.0484,41.14,86,20,5.01,US,2021-09-29 14:11:14
143,Bezdan,45.8502,18.9259,73.38,59,100,11.99,RS,2021-09-29 14:11:14
144,Minab,27.1467,57.0801,94.5,47,0,7.07,IR,2021-09-29 14:06:59
145,Oshnaviyeh,37.0397,45.0983,72.19,24,2,8.03,IR,2021-09-29 14:11:14
146,Airai,-8.9266,125.4092,60.08,86,9,1.48,TL,2021-09-29 14:11:15
147,Lao Cai,22.4833,103.95,78.13,86,0,1.36,VN,2021-09-29 14:11:15
148,Hovd,48.0056,91.6419,44.28,42,78,2.24,MN,2021-09-29 14:11:15
149,Mar Del Plata,-38.0023,-57.5575,60.82,29,40,17.0,AR,2021-09-29 14:09:10
150,Port Elizabeth,-33.918,25.5701,58.1,94,90,13.8,ZA,2021-09-29 14:11:16
151,Marystown,47.1666,-55.1483,60.85,100,71,12.41,CA,2021-09-29 14:06:36
152,Saint-Augustin,51.226,-58.6502,54.61,68,100,8.5,CA,2021-09-29 14:11:16
153,Vila Velha,-20.3297,-40.2925,85.95,53,20,13.8,BR,2021-09-29 14:11:17
154,Broken Hill,-31.95,141.4333,57.97,75,5,7.56,AU,2021-09-29 14:11:17
155,Rawatsar,29.2833,74.3833,91.26,50,100,10.51,IN,2021-09-29 14:11:17
156,Caravelas,-17.7125,-39.2481,83.05,54,12,10.87,BR,2021-09-29 14:11:18
157,Yarkovo,57.4028,67.0786,39.78,85,100,8.72,RU,2021-09-29 14:11:18
158,Kedrovyy,56.1667,91.8167,32.41,82,20,9.28,RU,2021-09-29 14:11:18
159,Gouyave,12.1646,-61.7296,86.77,74,20,13.8,GD,2021-09-29 14:11:19
160,Hilo,19.7297,-155.09,78.28,83,1,8.05,US,2021-09-29 14:11:19
161,Coihaique,-45.5752,-72.0662,49.95,43,75,9.22,CL,2021-09-29 14:11:19
162,Cassilandia,-19.1133,-51.7342,95.27,26,72,2.89,BR,2021-09-29 14:11:19
163,Lagoa,39.05,-27.9833,71.37,88,0,14.16,PT,2021-09-29 14:11:12
164,Kirakira,-10.4544,161.9205,79.34,86,93,8.46,SB,2021-09-29 14:11:20
165,Stromness,58.965,-3.296,55.65,78,72,11.99,GB,2021-09-29 14:11:20
166,Norman Wells,65.282,-126.8329,16.59,94,57,1.34,CA,2021-09-29 14:11:21
167,Pangnirtung,66.1451,-65.7125,37.49,42,100,1.39,CA,2021-09-29 14:08:00
168,Port Lincoln,-34.7333,135.8667,56.77,88,34,9.01,AU,2021-09-29 14:10:55
169,Brits,-25.6347,27.7802,89.28,17,73,11.7,ZA,2021-09-29 14:08:03
170,Jumla,29.2747,82.1838,59.32,95,99,1.57,NP,2021-09-29 14:11:21
171,Klaksvik,62.2266,-6.589,47.32,80,91,15.19,FO,2021-09-29 14:11:22
172,Clyde River,70.4692,-68.5914,33.73,87,99,11.95,CA,2021-09-29 14:11:22
173,Kargasok,59.0556,80.8572,37.42,80,77,8.03,RU,2021-09-29 14:11:22
174,Turukhansk,65.8167,87.9833,33.94,81,84,0.43,RU,2021-09-29 14:11:23
175,Derzhavinsk,51.1,66.3167,37.4,97,100,11.95,KZ,2021-09-29 14:11:23
176,Karratha,-20.7377,116.8463,77.22,40,0,11.56,AU,2021-09-29 14:11:23
177,Umiray,15.2206,121.4111,80.65,87,80,4.92,PH,2021-09-29 14:11:24
178,Koulikoro,14.0,-7.75,94.98,31,0,5.21,ML,2021-09-29 14:11:24
179,Mayor Pablo Lagerenza,-19.9309,-60.7718,96.46,28,4,4.52,PY,2021-09-29 14:11:24
180,Santokhgarh,31.3667,76.3167,81.5,70,0,5.08,IN,2021-09-29 14:11:25
181,Nishihara,26.1842,127.7558,81.68,83,40,9.22,JP,2021-09-29 14:11:25
182,Chanute,37.6792,-95.4572,71.71,83,90,9.22,US,2021-09-29 14:11:25
183,Capao Da Canoa,-29.7456,-50.0097,69.03,79,7,10.87,BR,2021-09-29 14:11:26
184,Yerbogachen,61.2767,108.0108,25.3,89,47,2.84,RU,2021-09-29 14:11:26
185,The Valley,18.217,-63.0578,87.66,74,40,6.91,AI,2021-09-29 14:11:26
186,Thamaga,-24.6701,25.5397,94.73,10,90,11.16,BW,2021-09-29 14:11:27
187,Cherskiy,68.75,161.3,12.87,98,71,6.76,RU,2021-09-29 14:11:27
188,Weihe,32.9952,105.3247,63.95,97,100,1.7,CN,2021-09-29 14:11:27
189,Te Anau,-45.4167,167.7167,35.26,88,28,3.29,NZ,2021-09-29 14:11:28
190,Omboue,-1.5746,9.2618,80.28,75,100,11.61,GA,2021-09-29 14:11:28
191,Yulara,-25.2406,130.9889,64.24,27,0,6.91,AU,2021-09-29 14:11:28
192,Ixtapa,20.7,-105.2,78.22,89,75,1.01,MX,2021-09-29 14:11:29
193,Rocha,-34.4833,-54.3333,62.11,61,0,10.67,UY,2021-09-29 14:11:29
194,Pangkalanbuun,-2.6833,111.6167,76.28,96,100,2.44,ID,2021-09-29 14:07:25
195,Paamiut,61.994,-49.6678,32.85,31,3,2.62,GL,2021-09-29 14:11:30
196,Fortuna,40.5982,-124.1573,52.48,76,90,0.0,US,2021-09-29 14:11:30
197,Opuwo,-18.0607,13.84,91.56,11,46,11.32,NA,2021-09-29 14:11:30
198,Haines Junction,60.7522,-137.5108,26.83,82,60,1.21,CA,2021-09-29 14:11:30
199,Saint-Pierre,-21.3393,55.4781,74.88,67,75,11.5,RE,2021-09-29 14:11:31
200,Margate,51.3813,1.3862,60.69,54,6,4.0,GB,2021-09-29 14:11:31
201,Basoko,1.2391,23.616,87.37,47,97,0.67,CD,2021-09-29 14:07:10
202,Cayenne,4.9333,-52.3333,91.44,73,40,5.75,GF,2021-09-29 14:11:31
203,Olafsvik,64.8945,-23.7142,39.42,93,100,5.44,IS,2021-09-29 14:11:32
204,Khash,28.2211,61.2158,84.51,8,0,13.0,IR,2021-09-29 14:11:32
205,Seoul,37.5683,126.9778,67.39,93,33,2.8,KR,2021-09-29 14:09:30
206,Aklavik,68.2191,-135.0107,27.75,77,98,11.41,CA,2021-09-29 14:10:53
207,Moerai,-22.4333,-151.3333,74.43,81,0,6.11,PF,2021-09-29 14:11:32
208,Lukoyanov,55.0277,44.4786,46.31,57,78,6.13,RU,2021-09-29 14:11:33
209,Dedza,-14.3779,34.3332,79.7,25,18,9.01,MW,2021-09-29 14:11:33
210,Sudak,44.85,34.9667,61.09,58,86,16.17,UA,2021-09-29 14:11:33
211,Endicott,42.0984,-76.0494,58.5,84,40,1.01,US,2021-09-29 14:11:34
212,Cabedelo,-6.9811,-34.8339,84.87,71,42,16.42,BR,2021-09-29 14:11:34
213,Oum Hadjer,13.2954,19.6966,96.37,24,100,9.6,TD,2021-09-29 14:11:34
214,Zaysan,47.4667,84.8667,59.41,39,100,5.68,KZ,2021-09-29 14:11:35
215,Khingansk,49.1167,131.1833,41.2,86,100,2.39,RU,2021-09-29 14:11:35
216,Velikooktyabrskiy,57.4333,33.8159,49.91,68,97,2.33,RU,2021-09-29 14:11:35
217,Synya,65.3718,58.0387,40.62,89,100,5.14,RU,2021-09-29 14:11:36
218,Esna,25.2934,32.554,94.32,11,0,19.15,EG,2021-09-29 14:11:36
219,Mapiri,-15.25,-68.1667,84.4,56,28,1.05,BO,2021-09-29 14:11:36
220,Naze,28.3667,129.4833,78.22,81,40,17.94,JP,2021-09-29 14:11:37
221,Bengkulu,-3.8004,102.2655,76.6,90,100,5.97,ID,2021-09-29 14:11:37
222,Fostoria,41.157,-83.4169,65.26,77,0,1.99,US,2021-09-29 14:11:37
223,Ponta Do Sol,32.6667,-17.1,77.13,50,0,7.36,PT,2021-09-29 14:11:23
224,Tiznit,29.5833,-9.5,95.61,16,5,8.16,MA,2021-09-29 14:11:38
225,Jibuti,11.5,42.5,89.02,26,78,7.25,DJ,2021-09-29 14:11:38
226,Vilhena,-12.7406,-60.1458,92.37,34,80,3.49,BR,2021-09-29 14:11:39
227,Molo,-0.2479,35.7374,62.22,63,100,3.98,KE,2021-09-29 14:11:39
228,Pitkyaranta,61.5734,31.4792,48.96,70,24,4.68,RU,2021-09-29 14:11:39
229,Tenkodogo,11.78,-0.3697,94.17,36,12,4.88,BF,2021-09-29 14:11:40
230,Senanga,-16.1167,23.2667,99.48,12,95,3.98,ZM,2021-09-29 14:11:40
231,Altay,47.8667,88.1167,53.37,51,98,4.68,CN,2021-09-29 14:11:40
232,Tromso,69.6496,18.957,58.37,66,0,8.05,NO,2021-09-29 14:11:41
233,Kavaratti,10.5669,72.642,81.37,81,32,15.97,IN,2021-09-29 14:11:41
234,Namatanai,-3.6667,152.4333,79.84,82,69,8.72,PG,2021-09-29 14:11:41
235,Vrangel,42.7297,133.0839,61.66,92,70,3.02,RU,2021-09-29 14:11:42
236,Necochea,-38.5473,-58.7368,60.04,58,6,12.55,AR,2021-09-29 14:11:42
237,Kodinsk,58.6881,99.1844,32.59,94,61,1.07,RU,2021-09-29 14:11:42
238,Am Timan,11.0297,20.2827,89.04,54,19,2.46,TD,2021-09-29 14:11:42
239,Cururupu,-1.8283,-44.8683,83.32,73,23,6.35,BR,2021-09-29 14:07:09
240,Gharo,24.7424,67.5856,95.22,40,99,9.37,PK,2021-09-29 14:11:43
241,Muros,42.7762,-9.0603,71.69,73,100,5.1,ES,2021-09-29 14:11:43
242,Lebu,-37.6167,-73.65,52.86,63,0,3.76,CL,2021-09-29 14:11:43
243,West Bay,19.3667,-81.4167,88.07,71,20,1.01,KY,2021-09-29 14:11:44
244,Beian,63.6559,9.5683,62.01,63,40,17.27,NO,2021-09-29 14:11:44
245,Barrow,71.2906,-156.7887,28.42,74,90,11.5,US,2021-09-29 14:11:44
246,Villarrica,-25.75,-56.4333,85.57,48,5,5.35,PY,2021-09-29 14:11:45
247,Progreso,21.2833,-89.6667,81.1,71,8,7.92,MX,2021-09-29 14:11:45
248,Mwanza,-2.5167,32.9,82.92,45,91,10.04,TZ,2021-09-29 14:11:45
249,Faanui,-16.4833,-151.75,78.33,77,11,16.71,PF,2021-09-29 14:11:46
250,Valley City,46.9233,-98.0032,65.39,94,1,10.36,US,2021-09-29 14:11:46
251,Victoria,22.2855,114.1577,87.22,83,5,3.0,HK,2021-09-29 14:08:56
252,Mnogovershinnyy,53.9353,139.9242,52.75,88,100,3.98,RU,2021-09-29 14:11:47
253,Altamira,-3.2033,-52.2064,92.84,41,4,5.75,BR,2021-09-29 14:11:47
254,Hermanus,-34.4187,19.2345,66.9,72,100,22.73,ZA,2021-09-29 14:11:48
255,Presidencia Roque Saenz Pena,-26.7852,-60.4388,68.49,81,100,6.93,AR,2021-09-29 14:08:29
256,Moindou,-21.6924,165.677,66.15,75,25,5.32,NC,2021-09-29 14:11:48
257,Pinega,64.7001,43.3936,51.96,80,98,6.6,RU,2021-09-29 14:11:48
258,Hashtrud,37.4779,47.0508,70.99,21,0,3.27,IR,2021-09-29 14:09:13
259,Borogontsy,62.6683,131.1683,34.29,46,37,10.87,RU,2021-09-29 14:11:49
260,Plattsburgh,44.6995,-73.4529,54.21,71,90,4.61,US,2021-09-29 14:11:02
261,Champerico,14.3,-91.9167,87.35,70,100,3.69,GT,2021-09-29 14:11:50
262,Kingsland,30.8,-81.6898,82.94,67,80,1.01,US,2021-09-29 14:11:50
263,Lerwick,60.1545,-1.1494,53.6,84,100,7.78,GB,2021-09-29 14:09:57
264,Vung Tau,10.346,107.0843,82.15,80,11,9.06,VN,2021-09-29 14:11:50
265,Lakshettipet,18.8667,79.2167,79.0,84,93,1.12,IN,2021-09-29 14:11:51
266,Srednekolymsk,67.45,153.6833,18.27,96,40,5.17,RU,2021-09-29 14:11:23
267,Albertville,34.2676,-86.2089,74.55,79,1,0.0,US,2021-09-29 14:11:51
268,San Cristobal,7.7669,-72.225,77.18,45,61,2.26,VE,2021-09-29 14:11:52
269,Manacapuru,-3.2997,-60.6206,86.58,56,81,2.55,BR,2021-09-29 14:11:52
270,Mount Gambier,-37.8333,140.7667,53.94,80,100,12.35,AU,2021-09-29 14:07:44
271,Smithers,54.7804,-127.1743,39.52,93,90,3.44,CA,2021-09-29 14:08:54
272,La Ronge,55.1001,-105.2842,53.82,94,75,5.75,CA,2021-09-29 14:11:53
273,Tuatapere,-46.1333,167.6833,39.81,91,97,8.14,NZ,2021-09-29 14:11:53
274,Ambilobe,-13.2,49.05,82.69,53,21,7.85,MG,2021-09-29 14:11:54
275,Porto San Giorgio,43.1827,13.7934,82.0,58,14,6.24,IT,2021-09-29 14:11:54
276,Dzhebariki-Khaya,62.2167,135.8,35.82,60,100,4.97,RU,2021-09-29 14:11:54
277,Matagami,49.7502,-77.6328,44.71,100,90,9.22,CA,2021-09-29 14:11:55
278,Pisco,-13.7,-76.2167,64.02,86,12,6.4,PE,2021-09-29 14:11:55
279,Evensk,61.95,159.2333,28.29,45,2,6.53,RU,2021-09-29 14:11:55
280,Nador,35.174,-2.9287,73.65,78,3,6.91,MA,2021-09-29 14:11:56
281,Lata,40.1629,-8.3327,77.49,45,0,6.62,PT,2021-09-29 14:11:56
282,Mahon,39.8885,4.2658,75.76,64,20,13.8,ES,2021-09-29 14:11:56
283,Komsomolskiy,40.4272,71.7189,74.12,46,6,4.61,UZ,2021-09-29 14:11:57
284,Leningradskiy,69.3833,178.4167,28.13,97,100,18.72,RU,2021-09-29 14:07:06
285,Siavonga,-16.5382,28.7088,94.33,28,1,6.64,ZM,2021-09-29 14:11:57
286,Montemorelos,25.2,-99.8167,75.65,79,99,4.65,MX,2021-09-29 14:09:59
287,Kruisfontein,-34.0033,24.7314,55.89,82,100,18.21,ZA,2021-09-29 14:07:00
288,Benghazi,32.1167,20.0667,80.01,69,2,12.84,LY,2021-09-29 14:11:57
289,Les Cayes,18.2,-73.75,84.51,65,20,3.02,HT,2021-09-29 14:11:58
290,Carutapera,-1.195,-46.02,82.76,74,19,6.91,BR,2021-09-29 14:11:58
291,Berbera,10.4396,45.0143,91.17,55,95,8.79,SO,2021-09-29 14:11:58
292,Ballina,-28.8667,153.5667,62.94,89,100,14.32,AU,2021-09-29 14:11:59
293,Mancio Lima,-7.6142,-72.8958,87.75,56,96,2.21,BR,2021-09-29 14:11:59
294,Saldanha,-33.0117,17.9442,66.85,57,0,20.6,ZA,2021-09-29 14:11:59
295,Vestmanna,62.1564,-7.1664,45.52,100,75,12.66,FO,2021-09-29 14:12:00
296,Katsuura,35.1333,140.3,74.1,72,100,7.4,JP,2021-09-29 14:09:16
297,Igarka,67.4667,86.5833,32.11,80,15,6.13,RU,2021-09-29 14:12:00
298,Kant,27.8,79.8,84.88,69,92,5.91,IN,2021-09-29 14:12:00
299,Nago,26.5881,127.9761,82.47,82,34,12.95,JP,2021-09-29 14:12:01
300,Saskylakh,71.9167,114.0833,24.44,87,100,4.7,RU,2021-09-29 14:12:01
301,Sorong,-0.8833,131.25,80.29,83,99,6.6,ID,2021-09-29 14:12:01
302,Yumen,40.2833,97.2,68.99,14,100,6.29,CN,2021-09-29 14:12:02
303,Banda Aceh,5.5577,95.3222,79.81,80,91,5.5,ID,2021-09-29 14:12:02
304,Diego De Almagro,-26.3667,-70.05,79.74,8,0,3.91,CL,2021-09-29 14:12:03
305,Sambava,-14.2667,50.1667,73.17,79,78,14.63,MG,2021-09-29 14:12:03
306,Nusaybin,37.0778,41.2178,86.54,18,0,7.0,TR,2021-09-29 14:12:03
307,Saku,36.2167,138.4833,64.49,85,11,3.02,JP,2021-09-29 14:12:04
308,Saint George,37.1041,-113.5841,61.39,47,75,5.01,US,2021-09-29 14:11:01
309,Arlit,18.7369,7.3853,101.25,10,52,16.17,NE,2021-09-29 14:12:04
310,Hakkari,37.5833,44.1667,65.98,27,44,12.75,TR,2021-09-29 14:12:05
311,Ostrovnoy,68.0531,39.5131,49.59,79,93,8.9,RU,2021-09-29 14:12:05
312,Atambua,-9.1061,124.8925,73.6,82,13,4.27,ID,2021-09-29 14:12:05
313,Bubaque,11.2833,-15.8333,81.79,72,94,8.28,GW,2021-09-29 14:12:06
314,Grand Gaube,-20.0064,57.6608,74.37,67,27,5.99,MU,2021-09-29 14:12:06
315,Lorengau,-2.0226,147.2712,81.03,82,21,5.64,PG,2021-09-29 14:12:06
316,Aksu,41.1231,80.2644,74.91,14,96,7.11,CN,2021-09-29 14:12:07
317,Taksimo,56.3444,114.8794,33.4,80,85,4.27,RU,2021-09-29 14:12:07
318,Kimbe,-5.5502,150.1429,76.14,93,77,3.49,PG,2021-09-29 14:12:07
319,Pangody,65.85,74.4859,34.84,98,99,6.82,RU,2021-09-29 14:12:08
320,Luderitz,-26.6481,15.1594,67.26,54,12,30.51,NA,2021-09-29 14:12:08
321,Abu Dhabi,24.4667,54.3667,93.31,59,20,10.36,AE,2021-09-29 14:07:53
322,Gizo,-8.103,156.8419,81.43,80,80,6.02,SB,2021-09-29 14:12:09
323,Hambantota,6.1241,81.1185,82.96,70,88,18.7,LK,2021-09-29 14:12:09
324,Codrington,-38.2667,141.9667,55.11,85,100,17.87,AU,2021-09-29 14:12:09
325,Bundaberg,-24.85,152.35,69.22,74,40,5.01,AU,2021-09-29 14:12:10
326,Upata,8.0086,-62.3989,84.2,59,12,6.33,VE,2021-09-29 14:12:10
327,Simpang,-1.2667,104.0833,75.88,93,100,2.3,ID,2021-09-29 14:12:10
328,Victor Harbor,-35.5667,138.6167,57.99,90,51,8.57,AU,2021-09-29 14:12:10
329,Morondava,-20.2833,44.2833,81.32,65,4,14.27,MG,2021-09-29 14:12:11
330,Kadoma,34.7333,135.5833,75.6,68,8,5.26,JP,2021-09-29 14:12:11
331,Viedma,-40.8135,-62.9967,66.4,31,39,21.14,AR,2021-09-29 14:12:11
332,Caracoli,6.4119,-74.7606,75.87,79,79,0.65,CO,2021-09-29 14:12:12
333,Saint-Joseph,-21.3667,55.6167,73.78,74,37,11.56,RE,2021-09-29 14:12:12
334,Hastings,50.8552,0.5729,61.39,55,7,18.19,GB,2021-09-29 14:09:17
335,Ola,59.5833,151.2833,32.47,60,92,8.99,RU,2021-09-29 14:12:12
336,Cilegon,-6.0174,106.0538,80.49,74,95,0.96,ID,2021-09-29 14:12:13
337,Puerto Madryn,-42.7692,-65.0385,67.37,27,8,26.82,AR,2021-09-29 14:12:13
338,Sangar,63.9242,127.4739,33.42,61,4,2.82,RU,2021-09-29 14:12:13
339,Oksfjord,70.2396,22.3479,48.38,72,54,2.68,NO,2021-09-29 14:12:14
340,Kondoa,-4.9,35.7833,83.52,28,96,9.31,TZ,2021-09-29 14:12:14
341,Bria,6.5423,21.9863,83.61,72,37,1.39,CF,2021-09-29 14:12:14
342,Dalvik,65.9702,-18.5286,40.89,81,98,14.2,IS,2021-09-29 14:12:15
343,Mildura,-34.2,142.15,58.96,88,75,1.14,AU,2021-09-29 14:12:15
344,Bondo,3.8146,23.6866,92.82,36,52,0.34,CD,2021-09-29 14:12:15
345,Bonthe,7.5264,-12.505,84.96,63,47,10.29,SL,2021-09-29 14:12:15
346,Moscow,55.7522,37.6156,51.98,57,100,6.58,RU,2021-09-29 14:09:04
347,Moron,-34.6534,-58.6198,68.02,76,0,8.01,AR,2021-09-29 14:12:14
348,Sault Sainte Marie,46.5168,-84.3333,56.89,71,1,0.0,CA,2021-09-29 14:12:12
349,Nelson Bay,-32.7167,152.15,62.1,92,100,12.08,AU,2021-09-29 14:12:16
350,Ushtobe,45.2514,77.9838,61.74,43,97,4.14,KZ,2021-09-29 14:12:16
351,Merritt,50.1123,-120.7942,43.45,96,59,5.41,CA,2021-09-29 14:12:17
352,Torbat-E Jam,35.244,60.6225,73.29,21,0,11.34,IR,2021-09-29 14:12:17
353,Morristown,36.214,-83.2949,71.71,70,1,0.0,US,2021-09-29 14:12:17
354,Olean,42.0776,-78.4297,59.13,87,1,0.0,US,2021-09-29 14:12:18
355,Rafaela,-31.2503,-61.4867,73.06,55,56,7.0,AR,2021-09-29 14:12:18
356,Una,20.8167,71.0333,76.69,95,100,19.98,IN,2021-09-29 14:12:18
357,Sabang,5.8933,95.3214,82.15,76,86,8.25,ID,2021-09-29 14:12:19
358,Niamey,13.5137,2.1098,99.82,24,77,6.08,NE,2021-09-29 14:12:19
359,Warmbad,-28.45,18.7333,76.19,18,0,10.11,NA,2021-09-29 14:12:19
360,Vanimo,-2.6741,141.3028,80.08,86,79,5.91,PG,2021-09-29 14:12:19
361,Sorsk,54.0033,90.2467,36.5,68,96,4.81,RU,2021-09-29 14:12:20
362,Alamosa,37.4695,-105.87,45.91,100,90,0.0,US,2021-09-29 14:12:20
363,Joensuu,62.6012,29.7632,48.27,79,90,1.14,FI,2021-09-29 14:12:20
364,Kurumkan,54.3,110.3,32.59,79,18,4.68,RU,2021-09-29 14:12:21
365,Ardakan,32.31,54.0175,97.18,8,0,8.43,IR,2021-09-29 14:07:46
366,Encantado,-29.2361,-51.8697,71.28,74,79,4.61,BR,2021-09-29 14:12:21
367,Okhotsk,59.3833,143.3,41.65,64,100,27.22,RU,2021-09-29 14:12:21
368,Iquitos,-3.7481,-73.2472,75.24,88,75,16.11,PE,2021-09-29 14:12:22
369,Beringovskiy,63.05,179.3167,30.06,67,100,22.24,RU,2021-09-29 14:12:22
370,Forbes,-33.3833,148.0167,56.91,94,100,19.64,AU,2021-09-29 14:12:22
371,Coquimbo,-29.9533,-71.3436,58.73,77,20,11.5,CL,2021-09-29 14:12:23
372,San Miguel,13.4833,-88.1833,77.65,87,100,1.86,SV,2021-09-29 14:12:23
373,Talusan,7.4267,122.8103,83.59,71,100,4.09,PH,2021-09-29 14:12:23
374,Lasa,46.6166,10.7002,67.91,78,97,2.71,IT,2021-09-29 14:12:24
375,Balikpapan,-1.2675,116.8289,79.25,85,96,6.22,ID,2021-09-29 14:12:24
376,Najran,17.4924,44.1277,90.34,17,97,14.79,SA,2021-09-29 14:12:24
377,Husavik,66.0449,-17.3389,41.5,66,100,19.46,IS,2021-09-29 14:12:25
378,Bereda,43.2686,-7.5406,66.58,76,100,4.14,ES,2021-09-29 14:12:25
379,Pilar,-9.5972,-35.9567,78.73,68,77,10.83,BR,2021-09-29 14:12:25
380,Palasa,18.7667,84.4167,80.02,86,100,3.69,IN,2021-09-29 14:12:26
381,Thunder Bay,48.4001,-89.3168,56.28,93,6,1.99,CA,2021-09-29 14:10:53
382,Cabimas,10.3883,-71.4399,80.31,80,100,4.25,VE,2021-09-29 14:12:26
383,Amapa,1.0,-52.0,90.93,40,0,3.85,BR,2021-09-29 14:12:26
384,Socorro,31.6546,-106.3033,69.91,57,40,0.0,US,2021-09-29 14:12:27
385,Yalutorovsk,56.6536,66.3006,41.68,71,100,11.39,RU,2021-09-29 14:12:27
386,Hetauda,27.4284,85.0322,81.75,93,99,5.01,NP,2021-09-29 14:12:27
387,Santa Cruz Del Norte,23.1539,-81.9236,84.94,75,84,11.99,CU,2021-09-29 14:12:27
388,Nizwa,22.9333,57.5333,95.99,27,92,3.91,OM,2021-09-29 14:12:28
389,Pecos,31.4229,-103.4932,72.43,63,1,3.44,US,2021-09-29 14:12:28
390,Sao Joao Da Barra,-21.6403,-41.0511,84.29,68,0,14.03,BR,2021-09-29 14:12:28
391,Kuching,1.55,110.3333,77.22,100,40,2.3,MY,2021-09-29 14:12:29
392,Mporokoso,-9.3727,30.125,76.66,46,95,3.8,ZM,2021-09-29 14:12:29
393,Paraiso,9.8383,-83.8656,71.96,68,46,1.23,CR,2021-09-29 14:12:29
394,Lastoursville,-0.8143,12.7287,82.49,81,92,2.04,GA,2021-09-29 14:12:29
395,Bambous Virieux,-20.3428,57.7575,74.21,70,52,13.38,MU,2021-09-29 14:12:30
396,Bosilegrad,42.5011,22.4724,60.33,71,100,5.68,RS,2021-09-29 14:12:30
397,Tarancon,40.0085,-3.0073,74.66,28,58,6.8,ES,2021-09-29 14:10:04
398,Payo,-3.7508,103.6372,74.62,96,98,2.75,ID,2021-09-29 14:12:30
399,Banting,2.8167,101.5,78.93,89,100,1.92,MY,2021-09-29 14:12:31
400,Calgary,51.0501,-114.0853,43.5,55,1,4.0,CA,2021-09-29 14:12:31
401,Melilla,35.2937,-2.9383,73.78,78,0,6.91,ES,2021-09-29 14:11:05
402,Liling,27.6667,113.5,76.01,91,8,0.78,CN,2021-09-29 14:12:31
403,Kangaatsiaq,68.3065,-53.4641,25.92,61,100,6.04,GL,2021-09-29 14:12:32
404,Maumere,-8.6199,122.2111,79.61,81,52,5.55,ID,2021-09-29 14:12:32
405,Ovsyanka,55.9575,92.5519,34.77,91,13,4.12,RU,2021-09-29 14:12:32
406,Trincomalee,8.5711,81.2335,83.75,73,100,6.82,LK,2021-09-29 14:12:33
407,Spornoye,50.8448,37.2913,50.02,44,51,9.69,RU,2021-09-29 14:12:33
408,Timaru,-44.4,171.25,43.07,93,100,8.99,NZ,2021-09-29 14:12:33
409,Kavieng,-2.5744,150.7967,81.91,80,53,13.22,PG,2021-09-29 14:12:34
410,Karavayevo,55.2961,37.9622,52.0,58,40,11.18,RU,2021-09-29 14:12:34
411,Kiunga,-6.1219,141.2906,74.68,99,100,1.99,PG,2021-09-29 14:12:34
412,Saint Paul,44.9444,-93.0933,66.78,75,1,1.01,US,2021-09-29 14:08:59
413,Keta,5.9179,0.9879,83.19,71,43,12.77,GH,2021-09-29 14:12:35
414,Banepa,27.6298,85.5214,70.12,83,75,6.91,NP,2021-09-29 14:12:35
415,Tutoia,-2.7619,-42.2744,86.25,61,48,14.54,BR,2021-09-29 14:12:35
416,Blackwater,-23.5833,148.8833,64.31,82,100,9.31,AU,2021-09-29 14:12:35
417,Yaan,7.3833,8.5667,74.91,93,100,3.15,NG,2021-09-29 14:12:36
418,Kenai,60.5544,-151.2583,36.14,93,1,0.0,US,2021-09-29 14:12:36
419,Ucluelet,48.9329,-125.5528,52.11,92,100,3.0,CA,2021-09-29 14:11:20
420,Mapimi,25.8167,-103.85,71.29,39,2,6.06,MX,2021-09-29 14:12:36
421,Port Blair,11.6667,92.75,81.63,78,9,3.11,IN,2021-09-29 14:12:37
422,Matadi,-5.8167,13.45,93.65,39,65,4.14,CD,2021-09-29 14:12:37
423,Andenes,69.3143,16.1194,51.78,87,0,5.75,NO,2021-09-29 14:12:37
424,Salalah,17.0151,54.0924,84.29,84,75,10.36,OM,2021-09-29 14:12:38
425,Burnie,-41.0667,145.9167,51.93,80,100,15.37,AU,2021-09-29 14:12:38
426,Vila,42.0304,-8.1588,64.33,63,39,6.02,PT,2021-09-29 14:12:38
427,Jacmel,18.2342,-72.5347,85.84,67,2,2.35,HT,2021-09-29 14:12:39
428,Miri,4.4148,114.0089,80.13,83,100,3.2,MY,2021-09-29 14:12:05
429,Polis,35.0367,32.4264,84.29,53,2,7.29,CY,2021-09-29 14:12:39
430,Claremore,36.3126,-95.6161,73.11,94,90,1.01,US,2021-09-29 14:12:39
431,Fare,-16.7,-151.0167,78.3,76,0,16.55,PF,2021-09-29 14:12:39
432,Egvekinot,66.3167,-179.1667,16.66,90,88,4.23,RU,2021-09-29 14:12:40
433,Krasnoselkup,65.7,82.4667,32.7,75,29,5.3,RU,2021-09-29 14:12:40
434,Yarensk,62.1675,49.0916,46.15,78,100,2.93,RU,2021-09-29 14:12:40
435,Tommot,58.9564,126.2925,34.3,99,100,3.58,RU,2021-09-29 14:12:41
436,Wilmington,34.2257,-77.9447,79.99,69,1,9.22,US,2021-09-29 14:11:37
437,Grand Haven,43.0631,-86.2284,62.02,83,1,1.01,US,2021-09-29 14:12:41
438,Oranjemund,-28.55,16.4333,61.12,74,0,15.08,NA,2021-09-29 14:12:41
439,Saveh,35.0213,50.3566,85.46,18,1,8.3,IR,2021-09-29 14:12:42
440,Sorland,67.667,12.6934,53.67,87,0,10.36,NO,2021-09-29 14:11:13
441,Port Shepstone,-30.7414,30.455,64.04,92,100,8.88,ZA,2021-09-29 14:12:42
442,Cinco Esquinas,10.1037,-84.1678,68.29,70,0,1.01,CR,2021-09-29 14:12:43
443,Sobolevo,54.4299,31.8996,50.76,59,77,4.43,RU,2021-09-29 14:12:43
444,Hervey Bay,-25.2986,152.8535,69.04,75,99,8.52,AU,2021-09-29 14:10:15
445,Shelby,35.2001,-89.8668,72.79,95,90,1.01,US,2021-09-29 14:12:43
446,Petauke,-14.2426,31.3253,95.45,15,64,4.72,ZM,2021-09-29 14:12:43
447,Zhezkazgan,47.8043,67.7144,50.0,51,100,13.71,KZ,2021-09-29 14:12:44
448,Fonte Boa,-2.4959,-66.2662,84.56,67,100,0.69,BR,2021-09-29 14:12:44
449,Gimli,50.6336,-96.9907,67.42,69,94,16.28,CA,2021-09-29 14:12:39
450,Honningsvag,70.9821,25.9704,51.33,87,75,1.14,NO,2021-09-29 14:12:45
451,Batagay,67.6333,134.6333,23.31,73,12,3.31,RU,2021-09-29 14:12:45
452,Mirnyy,62.5353,113.9611,29.23,84,100,3.24,RU,2021-09-29 14:12:45
453,Shenzhen,22.5455,114.0683,87.12,91,12,6.55,CN,2021-09-29 14:12:46
454,Zhuanghe,39.7008,122.9911,61.93,84,0,6.69,CN,2021-09-29 14:12:46
455,Vostok,46.4856,135.8833,52.93,92,85,4.5,RU,2021-09-29 14:12:46
456,Waverley,-25.7023,28.2591,87.4,30,58,11.01,ZA,2021-09-29 14:12:46
457,Comodoro Rivadavia,-45.8667,-67.5,55.26,30,0,16.11,AR,2021-09-29 14:12:47
458,Marsh Harbour,26.5412,-77.0636,79.88,70,100,9.93,BS,2021-09-29 14:12:47
459,Dubai,25.2582,55.3047,95.29,63,1,10.0,AE,2021-09-29 14:11:26
460,Westport,41.1415,-73.3579,63.09,68,1,1.99,US,2021-09-29 14:12:47
461,Chipinge,-20.1883,32.6236,87.06,21,6,11.45,ZW,2021-09-29 14:12:48
462,Gravdal,68.1214,13.5031,55.08,66,0,8.05,NO,2021-09-29 14:12:48
463,Jinchang,38.4953,102.1739,67.3,20,0,4.52,CN,2021-09-29 14:12:48
464,Mitsamiouli,-11.3847,43.2844,78.85,77,34,7.99,KM,2021-09-29 14:12:49
465,Novoorsk,51.381,58.9813,43.72,59,100,10.98,RU,2021-09-29 14:12:49
466,Zhigansk,66.7697,123.3711,30.29,84,15,12.73,RU,2021-09-29 14:12:07
467,Baiquan,47.5833,126.0833,44.31,61,5,7.07,CN,2021-09-29 14:12:49
468,Kingsport,36.5484,-82.5618,71.37,85,40,1.99,US,2021-09-29 14:12:35
469,Atar,20.5169,-13.0499,107.96,7,0,13.98,MR,2021-09-29 14:12:50
470,Merauke,-8.4667,140.3333,78.28,84,100,13.82,ID,2021-09-29 14:12:50
471,Lompoc,34.6391,-120.4579,59.77,92,1,4.61,US,2021-09-29 14:12:50
472,Coahuayana,18.7333,-103.6833,77.41,82,97,2.91,MX,2021-09-29 14:12:51
473,Mecca,21.4267,39.8261,94.39,28,9,18.5,SA,2021-09-29 14:09:21
474,Garhi Khairo,28.0606,67.9803,96.96,28,34,5.41,PK,2021-09-29 14:12:51
475,Guiuan,11.0333,125.7247,83.26,77,82,5.68,PH,2021-09-29 14:12:51
476,Yungay,-9.1383,-77.7436,63.91,49,14,3.69,PE,2021-09-29 14:12:52
477,Port-Cartier,50.0334,-66.8654,54.75,66,100,8.21,CA,2021-09-29 14:12:52
478,Ust-Omchug,61.15,149.6333,24.04,56,100,2.48,RU,2021-09-29 14:12:53
479,Fukue,32.6881,128.8419,77.83,81,2,6.2,JP,2021-09-29 14:12:53
480,Sao Gabriel Da Cachoeira,-0.1303,-67.0892,79.74,79,98,2.08,BR,2021-09-29 14:12:53
481,Koumac,-20.5667,164.2833,69.19,82,0,4.99,NC,2021-09-29 14:12:53
482,Aanekoski,62.6946,25.818,48.27,76,100,4.97,FI,2021-09-29 14:12:54
483,Belyy Yar,53.6039,91.3903,44.49,57,0,4.47,RU,2021-09-29 14:12:54
484,Kamenka,51.3223,42.7678,49.14,51,62,8.41,RU,2021-09-29 14:12:54
485,Esperance,-33.8667,121.9,56.25,84,83,16.89,AU,2021-09-29 14:12:24
486,Xinzhou,38.4092,112.7333,65.43,57,0,3.2,CN,2021-09-29 14:12:55
487,Williston,48.147,-103.618,58.57,64,100,1.99,US,2021-09-29 14:12:55
488,Ust-Ordynskiy,52.805,104.7508,35.44,89,17,4.7,RU,2021-09-29 14:12:55
489,Lazaro Cardenas,17.9583,-102.2,77.11,80,100,4.32,MX,2021-09-29 14:12:54
490,Fort Nelson,58.8053,-122.7002,38.73,92,100,3.06,CA,2021-09-29 14:12:56
491,Chulman,56.8479,124.9104,30.78,97,100,7.45,RU,2021-09-29 14:12:56
492,Lubango,-14.9172,13.4925,70.02,51,87,7.47,AO,2021-09-29 14:12:56
493,Maniitsoq,65.4167,-52.9,33.8,52,2,2.19,GL,2021-09-29 14:11:02
494,Cap Malheureux,-19.9842,57.6142,74.46,67,19,5.99,MU,2021-09-29 14:12:57
495,Nemuro,43.3236,145.575,60.49,72,98,14.81,JP,2021-09-29 14:12:57
496,Aitape,-3.1374,142.3475,79.63,86,43,5.41,PG,2021-09-29 14:12:57
497,Lander,42.833,-108.7307,44.82,96,90,6.91,US,2021-09-29 14:12:43
498,Libreville,0.3925,9.4537,80.62,89,40,10.36,GA,2021-09-29 14:12:58
499,Petropavlovsk-Kamchatskiy,53.0452,158.6483,47.52,83,2,13.82,RU,2021-09-29 14:12:58
500,Gbarnga,6.9956,-9.4722,92.16,41,82,2.75,LR,2021-09-29 14:12:59
501,Ludvika,60.1496,15.1878,53.33,93,100,10.87,SE,2021-09-29 14:12:59
502,Bowen,-20.0167,148.2333,71.78,73,90,13.53,AU,2021-09-29 14:12:59
503,Kununurra,-15.7667,128.7333,82.38,57,89,8.05,AU,2021-09-29 14:11:10
504,Chifeng,42.2683,118.9636,52.21,60,6,5.17,CN,2021-09-29 14:13:00
505,Staritsa,56.5075,34.9354,50.04,66,72,3.04,RU,2021-09-29 14:13:00
506,Port Moresby,-9.4431,147.1797,77.09,93,97,8.97,PG,2021-09-29 14:10:21
507,Vestmannaeyjar,63.4427,-20.2734,44.62,66,100,21.39,IS,2021-09-29 14:13:00
508,George,-33.963,22.4617,55.9,88,97,20.65,ZA,2021-09-29 14:10:17
509,Spirit River,55.7833,-118.8361,39.54,79,5,6.85,CA,2021-09-29 14:13:01
510,Dasoguz,41.8363,59.9666,68.11,39,19,14.85,TM,2021-09-29 14:13:01
511,Tobol,52.6844,62.5794,42.84,65,100,13.27,KZ,2021-09-29 14:13:02
512,Marzuq,14.4,46.4667,84.24,41,89,17.22,YE,2021-09-29 14:13:02
513,Scarborough,54.2797,-0.4044,58.51,64,6,1.01,GB,2021-09-29 14:11:05
514,Puerto Ayacucho,5.6639,-67.6236,83.48,69,90,1.7,VE,2021-09-29 14:13:02
515,Thinadhoo,0.5333,72.9333,82.94,70,100,6.96,MV,2021-09-29 14:13:03
516,Omsukchan,62.5333,155.8,19.54,79,56,7.65,RU,2021-09-29 14:13:03
517,Eyl,7.9803,49.8164,84.31,64,60,23.96,SO,2021-09-29 14:13:03
518,Elko,41.0002,-115.5012,29.64,80,1,5.99,US,2021-09-29 14:13:04
519,Grindavik,63.8424,-22.4338,43.27,75,75,28.77,IS,2021-09-29 14:13:04
520,Yar-Sale,66.8333,70.8333,37.09,84,69,10.36,RU,2021-09-29 14:13:04
521,Bilma,18.6853,12.9164,101.48,12,19,10.25,NE,2021-09-29 14:13:04
522,Angoche,-16.2325,39.9086,80.69,73,0,18.05,MZ,2021-09-29 14:13:05
523,Ito,34.9667,139.0833,70.81,94,100,4.52,JP,2021-09-29 14:13:05
524,Makhu,31.1033,74.9978,89.2,49,100,5.28,IN,2021-09-29 14:13:05
525,Benalla,-36.55,145.9833,56.95,97,100,5.57,AU,2021-09-29 14:13:06
526,Namibe,-15.1961,12.1522,70.27,70,11,11.45,AO,2021-09-29 14:13:06
527,Oranjestad,12.524,-70.027,89.55,62,20,12.66,AW,2021-09-29 14:13:06
528,San Carlos De Bariloche,-41.1456,-71.3082,50.56,38,7,9.08,AR,2021-09-29 14:09:53
529,Beihai,21.4833,109.1,84.07,73,0,5.7,CN,2021-09-29 14:13:07
530,Half Moon Bay,37.4636,-122.4286,56.79,85,90,5.75,US,2021-09-29 14:12:30
531,Paducah,37.0834,-88.6001,76.19,80,1,3.44,US,2021-09-29 14:09:10
532,Kalmar,56.6616,16.3616,57.13,85,90,16.11,SE,2021-09-29 14:13:07
533,Gibsons,49.3997,-123.5027,52.29,90,100,1.99,CA,2021-09-29 14:13:08
534,Vryburg,-26.9566,24.7284,76.87,33,98,21.41,ZA,2021-09-29 14:13:08
535,Sao Paulo De Olivenca,-3.3783,-68.8725,74.77,89,100,2.91,BR,2021-09-29 14:13:08
536,Hildburghausen,50.4255,10.7318,63.0,85,62,13.85,DE,2021-09-29 14:13:08
537,Vanavara,60.34,102.2797,28.67,81,61,1.61,RU,2021-09-29 14:13:09
538,Bani,18.2833,-70.3333,86.86,66,3,3.13,DO,2021-09-29 14:13:09
539,Avera,33.194,-82.5271,75.9,64,0,4.9,US,2021-09-29 14:13:09
540,Marawi,7.9986,124.2928,70.65,93,100,1.72,PH,2021-09-29 14:13:10
541,Marsabit,2.3284,37.9899,83.46,26,53,17.74,KE,2021-09-29 14:13:10
542,Chapais,49.7834,-74.8492,44.38,97,100,4.5,CA,2021-09-29 14:10:53
543,Cabadiangan,9.7531,122.4739,78.89,89,100,1.45,PH,2021-09-29 14:13:10
544,San Patricio,28.017,-97.5169,75.06,79,73,10.63,US,2021-09-29 14:13:11
545,Jurmala,56.968,23.7704,55.42,62,75,6.91,LV,2021-09-29 14:13:11
546,Lavrentiya,65.5833,-171.0,34.18,98,100,8.93,RU,2021-09-29 14:13:11
547,Sao Jose Da Coroa Grande,-8.8978,-35.1478,79.41,77,60,11.59,BR,2021-09-29 14:13:12
548,Novopavlovka,51.2172,109.2091,28.09,96,78,3.94,RU,2021-09-29 14:13:12
549,Riyadh,24.6877,46.7219,95.14,8,7,7.09,SA,2021-09-29 14:12:07
550,Bairiki,1.3292,172.9752,82.4,74,40,17.27,KI,2021-09-29 14:13:12
551,Golyshmanovo,56.3979,68.3728,40.91,75,100,10.98,RU,2021-09-29 14:13:13
552,Krutaya Gorka,55.3649,73.2231,44.28,65,100,8.75,RU,2021-09-29 14:13:13
553,Havelock,34.8791,-76.9013,77.05,80,1,3.0,US,2021-09-29 14:13:13
554,Meulaboh,4.1363,96.1285,75.94,93,100,1.74,ID,2021-09-29 14:12:19
555,Nanortalik,60.1432,-45.2371,38.23,62,18,4.16,GL,2021-09-29 14:12:19
556,Crestview,30.7621,-86.5705,78.15,79,75,1.01,US,2021-09-29 14:13:14
557,Itzehoe,53.921,9.5153,64.47,77,85,15.28,DE,2021-09-29 14:13:14
558,Dingle,10.9995,122.6711,77.92,91,100,3.47,PH,2021-09-29 14:13:14
559,Rakiv Lis,51.6217,24.9243,58.93,54,38,12.33,UA,2021-09-29 14:13:15
560,Thai Binh,20.45,106.3333,84.2,77,7,6.31,VN,2021-09-29 14:13:15
561,Bani Walid,31.7566,13.9942,91.04,24,0,16.51,LY,2021-09-29 14:13:15
562,Nangomba,-10.9,38.5,96.26,21,25,8.86,TZ,2021-09-29 14:13:16
563,Belgrade,44.804,20.4651,67.66,60,0,14.97,RS,2021-09-29 14:13:16
564,Puli,23.9664,120.9695,81.21,86,3,2.89,TW,2021-09-29 14:13:16
565,Macamic,48.7502,-78.9996,46.63,83,100,9.37,CA,2021-09-29 14:13:17
566,Mishkino,55.3389,63.9175,42.33,53,100,8.46,RU,2021-09-29 14:13:17
567,Port Hawkesbury,45.6169,-61.3485,58.17,99,100,1.01,CA,2021-09-29 14:13:17
568,San-Pedro,4.7485,-6.6363,80.51,77,87,7.99,CI,2021-09-29 14:13:18
569,Port-Gentil,-0.7193,8.7815,78.01,84,100,13.56,GA,2021-09-29 14:13:18
570,Varnamo,57.186,14.04,57.76,96,100,7.0,SE,2021-09-29 14:13:18
571,Poplar Bluff,36.757,-90.3929,75.61,94,90,0.0,US,2021-09-29 14:13:19
572,Port Macquarie,-31.4333,152.9167,60.76,72,100,14.92,AU,2021-09-29 14:13:19
573,Gardez,33.5974,69.2259,67.6,48,8,6.73,AF,2021-09-29 14:13:19
574,Olavarria,-36.8927,-60.3225,57.02,86,0,14.29,AR,2021-09-29 14:13:20
575,Denizli,37.8402,29.0698,81.45,28,13,9.42,TR,2021-09-29 14:13:20
576,Rawson,-43.3002,-65.1023,68.05,24,25,22.77,AR,2021-09-29 14:13:20
